id,username,password
0_0,test00.loadtestuser@ibnx-hse.com,Test123
0_1,test01.loadtestuser@ibnx-hse.com,Test123
0_2,test02.loadtestuser@ibnx-hse.com,Test123
0_3,test03.loadtestuser@ibnx-hse.com,Test123
0_4,test04.loadtestuser@ibnx-hse.com,Test123
0_5,test05.loadtestuser@ibnx-hse.com,Test123
0_6,test06.loadtestuser@ibnx-hse.com,Test123
0_7,test07.loadtestuser@ibnx-hse.com,Test123
0_8,test08.loadtestuser@ibnx-hse.com,Test123
0_9,test09.loadtestuser@ibnx-hse.com,Test123
0_10,test10.loadtestuser@ibnx-hse.com,Test123
0_11,test11.loadtestuser@ibnx-hse.com,Test123
0_12,test12.loadtestuser@ibnx-hse.com,Test123
0_13,test13.loadtestuser@ibnx-hse.com,Test123
0_14,test14.loadtestuser@ibnx-hse.com,Test123
0_15,test15.loadtestuser@ibnx-hse.com,Test123
0_16,test16.loadtestuser@ibnx-hse.com,Test123
0_17,test17.loadtestuser@ibnx-hse.com,Test123
0_18,test18.loadtestuser@ibnx-hse.com,Test123
0_19,test19.loadtestuser@ibnx-hse.com,Test123
0_20,test20.loadtestuser@ibnx-hse.com,Test123
